195153887¦Volkswagen Tiguan 2.0 TDI Highline¦8950¦10/2014¦230000¦81¦Diesel¦Manuál¦Predný¦Panoráma|Navigácia|ACC|Ťažné|Park assist|R17 disky¦Praktické SUV za rozumné peniaze pre rodinu, ktorá chce panorámu a ťažné bez veľkej investície.¦Trenčín¦20
195154341¦Volkswagen Golf R Variant 2.0 TSI DSG¦21450¦11/2017¦140000¦228¦Benzín¦Automat¦4x4¦LED svetlá|ACC|Alcantara|Mŕtvy uhol|Čierny strop|R18 disky¦Pre toho, kto chce športové auto s veľkým kufrom na každý deň.¦Trenčín¦20
195154430¦Audi A3 Sportback 2.0 TDI S-line¦11450¦5/2015¦225000¦110¦Diesel¦Manuál¦Predný¦S-line|Xenóny|Navigácia|R17 disky¦Pre vodiča, ktorý chce prémiový hatchback s nízkou spotrebou.¦Trenčín¦20
195154538¦Cupra Ateca 2.0 TSI 4Drive DSG¦22750¦7/2020¦140000¦221¦Benzín¦Automat¦4x4¦Panoráma|Kamera 360°|Beats audio|ACC|Alcantara|Keyless¦Pre toho, kto chce rýchle a zároveň praktické SUV s bohatou výbavou.¦Trenčín¦20
195156088¦Škoda Karoq 2.0 TDI 4x4 Style¦16950¦8/2018¦170000¦110¦Diesel¦Manuál¦4x4¦4x4|LED svetlá|Navigácia|ACC|Mŕtvy uhol|R17 disky¦Ideálne kompaktné SUV pre rodinu, ktorá jazdí aj na hory alebo po horšej ceste.¦Trenčín¦20
195156882¦Volkswagen Caddy Maxi 2.0 TDI 7-miestny¦12950¦10/2016¦238000¦75¦Diesel¦Manuál¦Predný¦7 miest|Navigácia|Ťažné|CarPlay|R16 disky¦Pre veľkú rodinu alebo živnostníka, ktorý potrebuje veľa miesta.¦Trenčín¦20
195157125¦Škoda Octavia 1.4 TSI G-TEC CNG¦8550¦2/2018¦197000¦81¦CNG / Benzín¦Manuál¦Predný¦CNG|Navigácia|ACC|Ťažné|CarPlay¦Pre toho, kto veľa jazdí a chce čo najnižšie náklady na palivo.¦Trenčín¦20
195157428¦Škoda Kodiaq 2.0 TDI 4x4 Style 7-miestny¦17450¦10/2017¦223000¦110¦Diesel¦Manuál¦4x4¦7 miest|4x4|Panoráma|ACC|Cúvacia kamera|Ťažné¦Pre veľkú rodinu, ktorá chce priestor, 4x4 a ťahať vozík.¦Trenčín¦20
195157510¦Volkswagen Golf 7 1.6 TDI Highline¦7950¦11/2015¦216000¦0¦Diesel¦Manuál¦Predný¦Alcantara|ACC|Navigácia|Ťažné|Park assist¦Spoľahlivé a úsporné auto do mesta aj na diaľnicu za dostupnú cenu.¦Trenčín¦20
195157690¦Seat Leon 1.6 TDI Sport¦5250¦8/2012¦195000¦77¦Diesel¦Manuál¦Predný¦Ťažné|R16 disky¦Lacné a úsporné prvé auto alebo auto na dochádzanie.¦Trenčín¦20
195157911¦Škoda Kodiaq 2.0 TSI DSG 4x4¦19450¦5/2018¦140000¦132¦Benzín¦Automat¦4x4¦4x4|DSG|LED svetlá|Navigácia|R17 disky¦Pre rodinu, ktorá chce priestranné SUV s automatom a jazdí skôr kratšie trasy.¦Trenčín¦20
195166657¦Volkswagen Caddy Maxi 2.0 TDI¦11950¦4/2016¦243000¦75¦Diesel¦Manuál¦Predný¦5 miest|Navigácia|R16 disky¦Pre živnostníka alebo rodinu, ktorá vozí veľa vecí.¦Trenčín¦20
195194488¦Škoda Karoq 2.0 TDI DSG 4x4 Style¦16450¦6/2019¦219000¦140¦Diesel¦Automat¦4x4¦Virtual cockpit|LED svetlá|ACC|Canton audio|Alcantara|Vyhrievané sedadlá¦Pre toho, kto chce kompaktné SUV s automatom a výbavou ako vo vyššej triede.¦Trenčín¦20
195539914¦Audi Q5 2.0 TDI quattro S-line¦19450¦4/2019¦220000¦140¦Diesel¦Automat¦4x4¦quattro|S-line|Black paket|LED svetlá|ACC|R19 disky¦Pre toho, kto chce prémiové SUV s 4x4 za cenu bežného auta.¦Trenčín¦20
195542313¦Škoda Enyaq iV 60¦19950¦6/2022¦150000¦132¦Elektro¦Automat¦Zadný¦Elektro|ACC|Cúvacia kamera|LED svetlá|Navigácia|Odpočet DPH¦Pre firmu alebo vodiča, ktorý chce lacnú prevádzku na elektrinu.¦Trenčín¦19
195563685¦Volkswagen Tiguan 2.0 TDI DSG R-Line¦11350¦10/2013¦258000¦130¦Diesel¦Automat¦—¦R-Line|Panoráma|Xenóny|Navigácia|Vyhrievané sedadlá|Ťažné¦Pre toho, kto chce SUV s automatom a športovým vzhľadom za dostupnú cenu.¦Trenčín¦20
195578941¦Škoda Octavia RS 2.0 TSI DSG¦18450¦11/2019¦120000¦180¦Benzín¦Automat¦Predný¦Virtual cockpit|LED svetlá|ACC|Cúvacia kamera|Keyless|R19 disky¦Pre vodiča, ktorý chce rýchle a pritom praktické rodinné auto.¦Trenčín¦20
195579329¦Seat Ateca FR 2.0 TSI 4Drive DSG¦17750¦5/2019¦159000¦140¦Benzín¦Automat¦4x4¦FR|Panoráma|Kamera 360°|ACC|LED svetlá|Vyhrievané sedadlá¦Pre toho, kto chce dynamické SUV s automatom a 4x4.¦Trenčín¦20
195609374¦Škoda Kodiaq 2.0 TDI DSG 4x4 Style 7-miestny¦17450¦11/2017¦220000¦110¦Diesel¦Automat¦4x4¦7 miest|4x4|DSG|ACC|Cúvacia kamera|Ťažné¦Pre veľkú rodinu, ktorá chce automat, 4x4 a sedem miest.¦Trenčín¦20
195630413¦Audi Q7 3.0 TDI e-tron quattro S-line¦26550¦10/2017¦168000¦190¦Plug-in hybrid¦Automat¦4x4¦Plug-in hybrid|quattro|S-line|Panoráma|Kamera 360°|LED svetlá¦Pre toho, kto chce veľké luxusné SUV a krátke trasy jazdiť na elektrinu.¦Trenčín¦20
195674297¦Audi A3 2.0 TSI quattro S-line S tronic¦16550¦2018¦94000¦140¦Benzín¦Automat¦4x4¦quattro|S-line|LED svetlá|Navigácia|CarPlay|R17 disky¦Pre vodiča, ktorý chce malé prémiové auto s 4x4 a nízkym nájazdom.¦Trenčín¦20
195674427¦Škoda Karoq Sportline 1.5 TSI¦18950¦5/2021¦89000¦110¦Benzín¦Manuál¦Predný¦Sportline|Virtual cockpit|LED svetlá|ACC|Cúvacia kamera|Ťažné¦Pre rodinu, ktorá chce mladé SUV s nízkym nájazdom.¦Trenčín¦15
195674687¦Škoda Kodiaq 2.0 TDI DSG 4x4 Style 7-miestny¦18450¦4/2018¦175000¦110¦Diesel¦Automat¦4x4¦7 miest|4x4|DSG|ACC|Cúvacia kamera|Mŕtvy uhol¦Pre veľkú rodinu, ktorá chce automat, 4x4 a sedem miest.¦Trenčín¦20
195733699¦Nissan 370Z 3.7 V6¦18950¦2012¦163100¦241¦Benzín¦Automat¦Zadný¦V6|241 kW|Xenóny|Navigácia|Vyhrievané sedadlá|Keyless¦Pre milovníka športových áut, ktorý chce poctivé kupé so zadným náhonom.¦Trenčín¦20
195834393¦Škoda Superb Combi iV 1.4 TSI DSG Style¦15950¦6/2021¦169000¦115¦Plug-in hybrid¦Automat¦Predný¦Plug-in hybrid|Virtual cockpit|LED svetlá|ACC|Cúvacia kamera|Odpočet DPH¦Pre firmu alebo rodinu, ktorá chce obrovské kombi a jazdiť po meste na elektrinu.¦Trenčín¦20
195835040¦Audi Q2 1.4 TFSI S-line Black Edition¦14450¦10/2017¦152000¦110¦Benzín¦Manuál¦Predný¦S-line|Black Edition|LED svetlá|Navigácia|CarPlay|R18 disky¦Pre toho, kto chce štýlové malé prémiové SUV do mesta.¦Trenčín¦20
195868695¦Škoda Superb Sportline 2.0 TSI DSG¦16450¦11/2017¦167000¦132¦Benzín¦Automat¦Predný¦Sportline|Panoráma|Canton audio|Cúvacia kamera|Ťažné|R19 disky¦Pre toho, kto chce veľký a pohodlný sedan so športovým vzhľadom.¦Trenčín¦20
196093179¦Volkswagen Tiguan Allspace R-Line 2.0 TSI 4Motion DSG¦22550¦12/2019¦164500¦140¦Benzín¦Automat¦4x4¦R-Line|4Motion|Panoráma|Virtual cockpit|Kamera 360°|ACC¦Pre rodinu, ktorá chce predĺžené SUV s bohatou výbavou a 4x4.¦Trenčín¦20
196282910¦Škoda Kodiaq 2.0 TDI 4x4 Style 7-miestny¦18550¦5/2018¦168000¦110¦Diesel¦Manuál¦4x4¦7 miest|4x4|Panoráma|ACC|Cúvacia kamera|R18 disky¦Pre veľkú rodinu, ktorá chce priestor, 4x4 a manuálnu prevodovku.¦Trenčín¦20
196283183¦Volkswagen Tiguan 2.0 TDI¦12450¦5/2016¦189000¦110¦Diesel¦Manuál¦Predný¦2 kľúče|Servisná kniha¦Pre rodinu, ktorá chce overené SUV s úsporným naftovým motorom.¦Trenčín¦20
196316989¦Volkswagen Golf 7 1.4 TSI R-Line¦9250¦10/2016¦182000¦92¦Benzín¦Manuál¦Predný¦R-Line|Navigácia|CarPlay|Park assist|R17 disky¦Pre mladého vodiča, ktorý chce športovo vyzerajúci Golf za dobrú cenu.¦Trenčín¦20
196317364¦Škoda Superb Combi 2.0 TDI Style¦12850¦11/2016¦220000¦110¦Diesel¦Manuál¦Predný¦Xenóny|Navigácia|ACC|Cúvacia kamera|Ťažné|Odpočet DPH¦Pre firmu alebo rodinu, ktorá chce obrovské a úsporné kombi.¦Trenčín¦20
196345508¦Škoda Octavia Combi 1.4 TSI G-TEC CNG¦8950¦10/2018¦196000¦81¦CNG / Benzín¦Manuál¦Predný¦CNG|Navigácia|ACC|Ťažné|CarPlay¦Pre toho, kto veľa jazdí a chce priestranné kombi s minimálnymi nákladmi na palivo.¦Trenčín¦20
194687850¦Volkswagen Polo GTI 2.0 TSI DSG¦11990¦3/2019¦123122¦147¦Benzín¦Automat¦Predný¦GTI|Virtual cockpit|LED svetlá|Cúvacia kamera|Keyless|Mŕtvy uhol¦Pre toho, kto chce malé, svižné a hravé auto s automatom.¦Levice¦20
194818084¦Volkswagen Tiguan 1.4 TSI DSG 4Motion¦15490¦7/2018¦176055¦110¦Benzín¦Automat¦4x4¦4Motion|DSG|ACC|Cúvacia kamera|Masáže|Ťažné¦Pre rodinu, ktorá chce moderné SUV s automatom a 4x4.¦Levice¦20
194913753¦Mercedes-Benz GLS 400d 4MATIC Larte Design¦69990¦6/2020¦100915¦243¦Diesel¦Automat¦4x4¦Panoráma|Head-up displej|Burmester audio|Kamera 360°|ACC|Odpočet DPH¦Pre toho, kto chce najväčšie luxusné SUV s výbavou bez kompromisov.¦Levice¦20
195137394¦Volkswagen Polo 1.2 TSI Comfortline¦6990¦5/2015¦178152¦66¦Benzín¦Manuál¦Predný¦Comfortline|Servisná kniha¦Lacné a spoľahlivé auto do mesta alebo prvé auto.¦Levice¦20
195504602¦Opel Astra 1.4 Turbo Active¦5990¦4/2013¦128728¦88¦Benzín¦Manuál¦Predný¦Nízky nájazd|Kožený volant¦Dostupné auto s nízkym nájazdom pre toho, kto chce ušetriť.¦Levice¦20
195551361¦Seat Leon FR 1.4 TSI¦8990¦10/2014¦177250¦110¦Benzín¦Manuál¦Predný¦FR|LED svetlá|Servisná kniha¦Pre mladého vodiča, ktorý chce športový vzhľad a dobrú dynamiku.¦Levice¦19
195650727¦Ford Ranger Stormtrak 2.0 TDCi BiTurbo¦29990¦4/2022¦148208¦157¦Diesel¦Automat¦4x4¦4x4|Navigácia|ACC|Cúvacia kamera|Kožený volant|Ťažné¦Pre živnostníka alebo dobrodruha, ktorý potrebuje pracovný pick-up s komfortom.¦Levice¦20
195677150¦Škoda Superb Combi Scout 2.0 TSI 4x4¦28990¦2/2022¦113812¦206¦Benzín¦Automat¦4x4¦Scout|4x4|Panoráma|Virtual cockpit|Matrix LED|Canton audio¦Pre toho, kto chce najvýkonnejšie rodinné kombi s 4x4 a top výbavou.¦Levice¦20
195710000¦Mercedes-Benz B 220 d 7G-DCT¦10990¦2014¦261457¦130¦Diesel¦Automat¦Predný¦Automat|LED svetlá|Navigácia|Vyhrievané sedadlá¦Pre toho, kto chce pohodlné a priestranné auto s automatom.¦Levice¦20
195904091¦Škoda Kodiaq Sportline 2.0 TDI 4x4 DSG¦24990¦9/2023¦152000¦110¦Diesel¦Automat¦4x4¦Sportline|4x4|ACC|Cúvacia kamera|Ťažné|Keyless¦Pre rodinu, ktorá chce takmer nové SUV s automatom a 4x4.¦Nitra¦20
195921716¦Škoda Octavia Combi 2.0 TDI DSG Drive¦11990¦11/2017¦199454¦110¦Diesel¦Automat¦Predný¦DSG|Navigácia|ACC|CarPlay¦Pre toho, kto chce úsporné a priestranné kombi s automatom.¦Levice¦19
196184599¦Cupra Formentor VZ 2.0 TSI 4Drive DSG¦25590¦4/2022¦50000¦228¦Benzín¦Automat¦4x4¦228 kW|4x4|Virtual cockpit|Matrix LED|ACC|Beats audio¦Pre toho, kto chce výkonné a štýlové SUV s nízkym nájazdom.¦Nitra¦20
196348792¦Škoda Octavia 1.5 TSI ACT Ambition¦9990¦5/2021¦277839¦110¦Benzín¦Manuál¦Predný¦Ambition|Keyless|CarPlay|Ťažné¦Pre toho, kto chce mladé a priestranné auto za veľmi dobrú cenu.¦Levice¦20
196313682¦BMW 840d xDrive Coupé M Performance¦38900¦2019¦174000¦235¦Diesel¦Automat¦4x4¦M Performance|Kamera 360°|ACC|Navigácia|Keyless|Kožený interiér¦Pre toho, kto chce luxusné a rýchle GT kupé na dlhé cesty.¦Banská Bystrica¦20
196319783¦Audi SQ8 4.0 TDI V8 quattro¦54900¦8/2020¦128000¦320¦Diesel¦Automat¦4x4¦V8|Virtual cockpit|Matrix LED|ACC|Navigácia|Ťažné¦Pre toho, kto chce extrémne výkonné luxusné SUV s praktickosťou na každý deň.¦Banská Bystrica¦20
196348880¦Volkswagen Tiguan 2.0 TDI 4Motion Goal¦35900¦8/2025¦25600¦142¦Diesel¦Automat¦4x4¦Virtual cockpit|Kamera 360°|ACC|Navigácia|Keyless|Kožený interiér¦Pre toho, kto chce takmer nové SUV bez čakania na nové auto.¦Banská Bystrica¦20
196349590¦BMW X5 xDrive30d¦6690¦2008¦331000¦173¦Diesel¦Automat¦4x4¦4x4|Automat|Kožený interiér|Rozvody vymenené¦Pre toho, kto chce veľké SUV s pohonom 4x4 za cenu malého auta.¦Banská Bystrica¦20
196349631¦Audi e-tron 55 quattro S line¦30900¦2021¦89000¦300¦Elektro¦Automat¦4x4¦Elektro|Virtual cockpit|Matrix LED|Head-up displej|Kamera 360°|ACC¦Pre toho, kto chce tiché a výkonné prémiové SUV na elektrinu.¦Banská Bystrica¦20
196350201¦Kia EV6 77,4 kWh GT-Line¦29900¦10/2022¦27000¦168¦Elektro¦Automat¦Zadný¦Elektro|Virtual cockpit|Cúvacia kamera|ACC|Navigácia|CarPlay¦Pre toho, kto chce moderné elektroauto s veľkým dojazdom.¦Banská Bystrica¦4
196350218¦BMW 520d xDrive M Packet¦51900¦9/2024¦61000¦145¦Diesel¦Automat¦4x4¦M Packet|Virtual cockpit|Matrix LED|Head-up displej|Kamera 360°|ACC¦Pre manažéra, ktorý chce takmer nový reprezentatívny sedan.¦Banská Bystrica¦10
196350227¦Mercedes-Benz V 300 d 4MATIC Exclusive Lang¦44990¦2/2022¦149000¦174¦Diesel¦Automat¦4x4¦Exclusive|Kamera 360°|ACC|Navigácia|Keyless|Kožený interiér¦Pre veľkú rodinu alebo firmu, ktorá vozí ľudí v luxuse.¦Banská Bystrica¦20
196350336¦Suzuki Vitara 1.6 DDiS 4WD Premium¦7790¦2016¦241000¦88¦Diesel¦Automat¦4x4¦4x4|Panoráma|Cúvacia kamera|Navigácia|Ťažné|Keyless¦Pre toho, kto chce lacné a odolné SUV s pohonom 4x4.¦Banská Bystrica¦20
196350372¦Hyundai Tucson 1.6 T-GDi N Line 4x4¦14990¦11/2019¦136000¦130¦Benzín¦Automat¦4x4¦N Line|Kamera 360°|ACC|Navigácia|Keyless|Automat¦Pre rodinu, ktorá chce spoľahlivé SUV s automatom a 4x4.¦Banská Bystrica¦20
196350479¦Peugeot 5008 1.2 PureTech GT¦9990¦9/2020¦90256¦96¦Benzín¦Manuál¦Predný¦GT|ACC|CarPlay|Mŕtvy uhol¦Pre rodinu, ktorá chce priestranné SUV s nízkym nájazdom za dobrú cenu.¦Banská Bystrica¦18
196350688¦Škoda Kodiaq 2.0 TDI EVO Style 4x4 DSG¦24790¦3/2022¦144000¦110¦Diesel¦Automat¦4x4¦4x4|DSG|Virtual cockpit|Matrix LED|Cúvacia kamera|ACC¦Pre rodinu, ktorá chce mladé a priestranné SUV s automatom.¦Banská Bystrica¦20
196350737¦Kia Optima 2.0 Plug-in Hybrid¦10900¦10/2016¦188000¦150¦Plug-in hybrid¦Automat¦Predný¦Plug-in hybrid|Kamera 360°|ACC|Navigácia|Keyless|Kožený interiér¦Pre toho, kto chce pohodlný sedan a jazdiť lacno na elektrinu.¦Banská Bystrica¦20
196350770¦BMW X6 M30d xDrive M Performance¦53900¦10/2020¦95600¦195¦Diesel¦Automat¦4x4¦M Performance|Kamera 360°|ACC|Keyless|Kožený interiér¦Pre toho, kto chce výrazné a športové luxusné SUV.¦Banská Bystrica¦14
196351438¦Volkswagen Tiguan 1.5 eTSI Goal DSG¦27900¦11/2025¦27000¦96¦Benzín¦Automat¦Predný¦Záruka|Virtual cockpit|Kamera 360°|ACC|Navigácia|CarPlay¦Pre toho, kto chce nové SUV v záruke výrazne lacnejšie.¦Banská Bystrica¦20
196351660¦Opel Insignia 2.0 Turbo Business Elegance¦11790¦10/2020¦158000¦147¦Benzín¦Automat¦Predný¦Virtual cockpit|Matrix LED|Cúvacia kamera|Navigácia|Keyless¦Pre toho, kto chce veľké pohodlné auto s automatom za rozumnú cenu.¦Banská Bystrica¦20
196351873¦Mercedes-Benz X 250 d 4MATIC¦19990¦2018¦266000¦140¦Diesel¦Automat¦4x4¦4x4|Kamera 360°|Navigácia|Ťažné|Keyless|Kožený interiér¦Pre živnostníka, ktorý chce pracovný pick-up s luxusom Mercedesu.¦Banská Bystrica¦20
196353311¦BMW X1 xDrive25e Plug-in Hybrid¦29490¦2024¦94000¦180¦Plug-in hybrid¦Automat¦4x4¦Plug-in hybrid|Virtual cockpit|Cúvacia kamera|ACC|Navigácia|Keyless¦Pre toho, kto chce mladé prémiové SUV a dennú jazdu na elektrinu.¦Banská Bystrica¦20
196354216¦Kia cee'd SW 1.6 CRDi Gold¦4990¦2016¦285000¦100¦Diesel¦Manuál¦Predný¦Gold|Servisná história¦Lacné a úsporné kombi na každodenné dochádzanie.¦Banská Bystrica¦20
196354371¦Kia Sportage 1.6 T-GDi PHEV 4x4¦22890¦2023¦96000¦195¦Plug-in hybrid¦Automat¦4x4¦Plug-in hybrid|4x4|Virtual cockpit|Cúvacia kamera|ACC|Navigácia¦Pre rodinu, ktorá chce moderné SUV a krátke trasy jazdiť na elektrinu.¦Banská Bystrica¦18
196355203¦Land Rover Discovery 3.0 Diesel 7-miestny¦25900¦10/2020¦165000¦225¦Diesel¦Automat¦4x4¦7 miest|Virtual cockpit|Matrix LED|Kamera 360°|ACC|Navigácia¦Pre veľkú rodinu, ktorá chce luxusné SUV, ktoré zvládne aj terén.¦Banská Bystrica¦20
196356220¦Mercedes-Benz CLS 350 d 4MATIC AMG Line¦31900¦2019¦191000¦210¦Diesel¦Automat¦4x4¦AMG Line|Virtual cockpit|Kamera 360°|ACC|Navigácia|Keyless¦Pre toho, kto chce elegantné štvordverové kupé s veľkým výkonom.¦Banská Bystrica¦20
196357371¦Volkswagen Tiguan Allspace 2.0 TDI EVO 4Motion Elegance¦26990¦2023¦99000¦110¦Diesel¦Automat¦4x4¦Elegance|Virtual cockpit|Matrix LED|Head-up displej|Kamera 360°|ACC¦Pre rodinu, ktorá chce predĺžené SUV s top výbavou.¦Banská Bystrica¦20
196357607¦Volkswagen Touareg 3.0 V6 TDI R-Line 4Motion¦30900¦2020¦196000¦210¦Diesel¦Automat¦4x4¦R-Line|V6|Cúvacia kamera|ACC|Navigácia|Ťažné¦Pre toho, kto chce veľké luxusné SUV, ktoré utiahne aj ťažký príves.¦Banská Bystrica¦20
196361685¦Kia cee'd 1.6 CRDi Gold¦5490¦2017¦232000¦100¦Diesel¦Manuál¦Predný¦Gold|Servisná história¦Lacné a úsporné auto do mesta aj na dochádzanie.¦Banská Bystrica¦18
196361811¦Ford Kuga 2.5 PHEV Titanium¦16490¦6/2020¦126000¦165¦Plug-in hybrid¦Automat¦Predný¦Plug-in hybrid|Titanium|Keyless¦Pre rodinu, ktorá chce SUV a jazdiť po meste na elektrinu.¦Banská Bystrica¦20
196362635¦Audi Q7 50 TDI quattro S line¦39900¦6/2021¦133000¦210¦Diesel¦Automat¦4x4¦S line|Virtual cockpit|Matrix LED|ACC|Navigácia|Ťažné¦Pre veľkú rodinu, ktorá chce luxusné a priestranné SUV.¦Banská Bystrica¦20
196364248¦Nissan Qashqai 1.6 dCi N-Connecta¦6790¦2017¦270000¦96¦Diesel¦Manuál¦Predný¦Panoráma|Kamera 360°|Navigácia|Ťažné|Keyless¦Pre toho, kto chce lacné a úsporné SUV s dobrou výbavou.¦Banská Bystrica¦19
196365774¦Mercedes-Benz EQC 400 4MATIC AMG Line¦29900¦2021¦112000¦300¦Elektro¦Automat¦4x4¦Elektro|AMG Line|Panoráma|Matrix LED|Kamera 360°|ACC¦Pre toho, kto chce luxusné elektrické SUV za zlomok novej ceny.¦Banská Bystrica¦20
910000050¦Mazda 6 2.0 Skyactiv-G Revolution Top¦14940¦8/2021¦221601¦121¦Benzín¦Manuál¦Predný¦Matrix LED|Head-up displej|Virtual cockpit|ACC|Kožený interiér|Ťažné¦Pre rodinu alebo firemného vodiča, ktorý chce priestranný a pohodlný sedan s bohatou výbavou.¦Fiľakovo¦29
910000013¦Toyota Urban Cruiser 1.4 D-4D AWD¦4390¦7/2009¦186000¦66¦Diesel¦Manuál¦—¦4x4|Kožený interiér¦Pre toho, kto chce lacné a úsporné auto s pohonom 4x4.¦Fiľakovo¦24
910000030¦Mazda CX-30 1.8 Skyactiv-D¦12490¦12/2020¦202129¦85¦Diesel¦Manuál¦Predný¦Virtual cockpit|LED svetlá|Navigácia|Cúvacia kamera|Kožený interiér|Vyhrievané sedadlá¦Pre toho, kto chce štýlové a dobre vybavené kompaktné SUV.¦Fiľakovo¦28
910000029¦Opel Zafira Tourer 1.6 CDTI 7-miestny¦4890¦4/2015¦245811¦88¦Diesel¦Manuál¦Predný¦¦Pre veľkú rodinu, ktorá potrebuje sedem miest za dostupnú cenu.¦Fiľakovo¦28
910000015¦Ford Transit 2.0 TDCi L4H3 Jumbo¦8999¦12/2020¦191200¦96¦Diesel¦Manuál¦Zadný¦LED svetlá¦Pre živnostníka alebo firmu, ktorá potrebuje maximálny nákladný priestor.¦Fiľakovo¦18
910000036¦Renault Clio 1.5 dCi Intens¦7999¦3/2021¦183616¦63¦Diesel¦Manuál¦Predný¦LED svetlá|Kožený interiér|Keyless|CarPlay¦Lacné a úsporné mladé auto do mesta aj na dochádzanie.¦Fiľakovo¦36
910000033¦Mazda CX-30 e-Skyactiv G122 Exclusive¦18990¦05/2023¦65690¦90¦Benzín¦Manuál¦Predný¦Virtual cockpit|LED svetlá|Navigácia|ACC|Head-up displej|Ťažné¦Pre toho, kto chce mladé, bohato vybavené SUV s nízkym nájazdom.¦Fiľakovo¦28
910000032¦Ford Transit Custom 2.0 TDCi 8-miestny¦12590¦9/2019¦437570¦96¦Diesel¦Manuál¦Predný¦LED svetlá¦Pre firmu alebo veľkú rodinu, ktorá vozí veľa ľudí.¦Fiľakovo¦27
910000037¦Nissan Qashqai+2 2.0 dCi 4x4 Tekna 7-miestny¦5150¦5/2011¦232295¦110¦Diesel¦Automat¦—¦4x4|Xenóny|Navigácia|Cúvacia kamera|Panoráma|Keyless¦Pre rodinu, ktorá chce sedem miest a 4x4 za nízku cenu.¦Fiľakovo¦30
910000043¦Hyundai i10 1.2 Automat¦6890¦5/2017¦144842¦62¦Benzín¦Automat¦Predný¦¦Pre toho, kto chce malé auto do mesta s automatom.¦Fiľakovo¦22
910000038¦Iveco Daily 35C13 chladiarenská dodávka¦7999¦2000¦308582¦95¦Diesel¦Manuál¦—¦¦Pre živnostníka, ktorý vozí potraviny alebo kvetiny.¦Fiľakovo¦26
910000040¦Lada Niva Urban Edition 1.7 4x4¦5990¦09/2019¦102000¦61¦Benzín¦Manuál¦—¦4x4|Ťažné¦Pre toho, kto potrebuje nezničiteľné auto do terénu a na chalupu.¦Fiľakovo¦14
910000044¦Peugeot Boxer Furgon 2.2 BlueHDi L3H2¦10990¦2020¦143361¦104¦Diesel¦Manuál¦Predný¦LED svetlá|Navigácia|Cúvacia kamera¦Pre živnostníka, ktorý potrebuje veľkú a modernú dodávku.¦Fiľakovo¦30
910000054¦Opel Vivaro Kombi 1.6 CDTI BiTurbo L2H1¦15190¦09/2016¦96700¦107¦Diesel¦Manuál¦Predný¦¦Pre firmu alebo rodinu, ktorá potrebuje veľa miest.¦Fiľakovo¦21
910000066¦Peugeot Partner 1.6 HDi¦5990¦10/2013¦190550¦84¦Diesel¦Manuál¦Predný¦¦Pre živnostníka alebo rodinu, ktorá vozí veľa vecí.¦Fiľakovo¦22
910000081¦Renault Master 2.3 dCi L3H3¦15150¦07/2021¦129970¦110¦Diesel¦Manuál¦Predný¦LED svetlá|Cúvacia kamera|Ťažné|CarPlay¦Pre firmu, ktorá potrebuje veľkú a mladú dodávku.¦Fiľakovo¦31
910000068¦Fiat Panda 0.9 TwinAir 4x4¦5390¦10/2013¦146637¦0¦Benzín¦Manuál¦—¦4x4¦Pre toho, kto chce malé a lacné auto s pohonom 4x4.¦Fiľakovo¦29
910000105¦Jeep Cherokee 2.2 MultiJet Overland 4x4¦17990¦2021¦122313¦143¦Diesel¦Automat¦4x4¦4x4|LED svetlá|Navigácia|ACC|Cúvacia kamera|Panoráma¦Pre toho, kto chce luxusné SUV, ktoré zvládne aj terén.¦Fiľakovo¦19
910000102¦Opel Insignia Sports Tourer 1.6 CDTI Dynamic¦8450¦2/2020¦221403¦100¦Diesel¦Manuál¦Predný¦LED svetlá|Navigácia|Kožený interiér|Keyless|Park assist¦Pre toho, kto chce veľké a pohodlné kombi na dlhé cesty.¦Fiľakovo¦26
910000093¦Alfa Romeo Tonale 1.6 Diesel TCT Veloce¦21990¦2024¦27241¦96¦Diesel¦Automat¦Predný¦¦Pre toho, kto chce takmer nové prémiové SUV s talianskym štýlom.¦Fiľakovo¦29
910000082¦Ford Transit 2.0 TDCi Vyklápač Maxi 3,5 t¦19650¦07/2019¦104773¦125¦Diesel¦Manuál¦Zadný¦LED svetlá|Ťažné¦Pre stavebnú firmu alebo záhradníka, ktorý vozí materiál.¦Fiľakovo¦25
910000111¦Nissan Qashqai 1.5 dCi Acenta¦4870¦3/2012¦121293¦81¦Diesel¦Manuál¦Predný¦¦Pre toho, kto chce lacné SUV s nízkou spotrebou.¦Fiľakovo¦22
910000115¦Ford Transit Custom 2.0 TDCi EcoBlue L1H2¦9340¦6/2019¦200408¦96¦Diesel¦Manuál¦Predný¦Cúvacia kamera¦Pre živnostníka, ktorý potrebuje spoľahlivú dodávku.¦Fiľakovo¦22
910000122¦Škoda Rapid 1.2 TSI Elegance¦5890¦05/2013¦158668¦63¦Benzín¦Manuál¦Predný¦Vyhrievané sedadlá¦Lacné a praktické auto na každý deň.¦Fiľakovo¦21
910000113¦Opel Crossland 1.2 Turbo Elegance Automat¦12450¦3/2024¦61611¦96¦Benzín¦Automat¦Predný¦LED svetlá|Navigácia|CarPlay¦Pre toho, kto chce mladé kompaktné SUV s automatom.¦Fiľakovo¦23
910000128¦Fiat Panda Cross 1.3 MultiJet 4x4¦4490¦11/2008¦145721¦51¦Diesel¦Manuál¦—¦4x4¦Pre toho, kto chce lacné auto s pohonom 4x4.¦Fiľakovo¦26
910000123¦Hyundai Veloster 1.6 GDI Extreme¦5790¦2013¦115900¦103¦Benzín¦Manuál¦Predný¦¦Pre mladého vodiča, ktorý chce výrazné a svižné auto.¦Fiľakovo¦27
910000129¦Fiat 500 0.9 TwinAir Plus¦5240¦3/2012¦105250¦0¦Benzín¦Manuál¦Predný¦Kožený interiér¦Pre toho, kto chce malé a štýlové auto do mesta.¦Fiľakovo¦24
910000126¦Volvo V40 D2 Momentum¦7100¦2012¦83490¦84¦Diesel¦Manuál¦Predný¦¦Pre toho, kto chce bezpečné prémiové auto s nízkym nájazdom.¦Fiľakovo¦31
910000135¦Volkswagen Golf 7 Variant 1.6 TDI BlueMotion¦5590¦10/2014¦242884¦77¦Diesel¦Manuál¦Predný¦¦Pre toho, kto chce úsporné a praktické kombi.¦Fiľakovo¦20
910000136¦Suzuki SX4 2.0 DDiS 4x4¦5390¦4/2013¦171124¦99¦Diesel¦Manuál¦—¦4x4|Vyhrievané sedadlá|Keyless¦Pre toho, kto chce lacné a spoľahlivé auto s 4x4.¦Fiľakovo¦20
910000133¦BMW 116d Urban¦6450¦7/2013¦206556¦85¦Diesel¦Manuál¦Zadný¦Kožený interiér|Keyless¦Pre toho, kto chce prémiový hatchback so zadným náhonom za dobrú cenu.¦Fiľakovo¦18
910000137¦Opel Grandland 1.6 Plug-in Hybrid¦15450¦3/2022¦188053¦133¦Plug-in hybrid¦Automat¦Predný¦LED svetlá|Navigácia|Cúvacia kamera|Vyhrievané sedadlá|Keyless|CarPlay¦Pre rodinu, ktorá chce SUV a krátke trasy jazdiť na elektrinu.¦Fiľakovo¦35
910000142¦Alfa Romeo Junior Elettrica 54 kWh¦24990¦2025¦8890¦115¦Elektro¦Automat¦Predný¦¦Pre toho, kto chce nové elektrické SUV s talianskym štýlom bez čakania.¦Fiľakovo¦24
910000138¦Renault Espace 1.6 dCi¦9270¦2016¦182524¦96¦Diesel¦Manuál¦—¦Virtual cockpit|LED svetlá|Navigácia|ACC|Cúvacia kamera|Panoráma¦Pre rodinu, ktorá chce priestranné a moderné auto na dlhé cesty.¦Fiľakovo¦20
194852922¦Audi A4 Allroad 40 TDI quattro¦22500¦7/2022¦181000¦150¦Diesel¦Automat¦4x4¦quattro|Matrix LED|Virtual cockpit|ACC|Navigácia|Cúvacia kamera¦Pre toho, kto chce prémiové kombi s 4x4, ktoré zvládne aj horšie cesty.¦Nitra¦20
194851944¦Jaguar F-Pace 2.0D Prestige AWD¦13900¦3/2017¦113681¦132¦Diesel¦Manuál¦4x4¦4x4|LED svetlá|Navigácia|Cúvacia kamera|Keyless¦Pre toho, kto chce prémiové SUV s 4x4 za cenu bežného auta.¦Nitra¦19
195962983¦Peugeot 3008 1.5 BlueHDi Active¦13500¦6/2021¦158360¦96¦Diesel¦Manuál¦Predný¦Virtual cockpit|LED svetlá|Navigácia|Kamera 360°|CarPlay¦Pre rodinu, ktorá chce moderné SUV s nízkou spotrebou.¦Nitra¦18
194851790¦Škoda Octavia Combi 1.5 TSI G-TEC DSG Ambition¦11900¦8/2019¦135700¦96¦CNG / Benzín¦Automat¦Predný¦CNG|DSG|LED svetlá|Navigácia|Ťažné|CarPlay¦Pre toho, kto veľa jazdí a chce kombi s automatom a minimálnymi nákladmi na palivo.¦Nitra¦20
195958553¦Škoda Octavia Combi 2.0 TDI DSG Style¦11900¦11/2019¦194650¦110¦Diesel¦Automat¦Predný¦DSG|Virtual cockpit|LED svetlá|ACC|Navigácia|Cúvacia kamera¦Pre toho, kto chce úsporné a dobre vybavené kombi s automatom.¦Nitra¦20
196123482¦Mercedes-Benz B 180 d Automat¦16500¦7/2019¦59320¦85¦Diesel¦Automat¦Predný¦Automat|Virtual cockpit|Matrix LED|ACC|Cúvacia kamera|CarPlay¦Pre toho, kto chce pohodlné prémiové auto s automatom a nízkym nájazdom.¦Nitra¦20
196143208¦Volkswagen Tiguan 2.0 TDI DSG R-Line¦15999¦12/2019¦179070¦110¦Diesel¦Automat¦Predný¦R-Line|DSG|Virtual cockpit|ACC|Navigácia|CarPlay¦Pre rodinu, ktorá chce športovo vyzerajúce SUV s automatom.¦Nitra¦20
196327793¦MG5 Electric Comfort¦17990¦8/2022¦71962¦130¦Elektro¦Automat¦Predný¦Elektro|ACC|Cúvacia kamera|LED svetlá|Navigácia|Keyless¦Pre toho, kto chce lacné elektrické kombi s veľkým kufrom.¦Nitra¦11
196311124¦Hyundai Ioniq 5 72,6 kWh¦21000¦2022¦171000¦160¦Elektro¦Automat¦Zadný¦Elektro|LED svetlá|ACC|Navigácia|Cúvacia kamera|Ťažné¦Pre toho, kto chce priestranné elektroauto s veľkým dojazdom.¦Nitra¦17
196363884¦Volkswagen ID.5 Pro Performance 77 kWh¦31000¦3/2023¦34000¦150¦Elektro¦Automat¦Zadný¦Elektro|ACC|LED svetlá|Navigácia|Keyless|Odpočet DPH¦Pre firmu alebo vodiča, ktorý chce mladé elektrické SUV kupé.¦Myjava¦19
196364684¦Audi A6 Avant 45 TDI quattro¦35000¦2022¦84000¦180¦Diesel¦Automat¦4x4¦quattro|LED svetlá|Navigácia|ACC|Cúvacia kamera¦Pre toho, kto chce luxusné a výkonné kombi na dlhé cesty.¦Senica¦20
196364794¦Audi e-tron GT quattro 93 kWh¦44000¦2022¦155100¦0¦Elektro¦Automat¦4x4¦Elektro|quattro|Panoráma|Matrix LED|Navigácia|Kožený interiér¦Pre toho, kto chce výnimočné elektrické GT s pohonom quattro.¦Senica¦20
196364848¦BMW X3 xDrive20d M paket¦13500¦2016¦288800¦140¦Diesel¦Automat¦4x4¦M paket|4x4|Panoráma|LED svetlá|Kožený interiér¦Pre toho, kto chce prémiové SUV s 4x4 za dostupnú cenu.¦Myjava¦20
196364736¦Volkswagen Multivan T7 2.0 TDI Edition¦51990¦8/2025¦47000¦110¦Diesel¦Automat¦Predný¦Panoráma|LED svetlá|ACC|Navigácia|Cúvacia kamera|CarPlay¦Pre veľkú rodinu alebo firmu, ktorá chce luxusné a priestranné MPV.¦Senica¦19
